INSERT INTO `age_groups` (`id`, `age_group`, `created_at`, `updated_at`)
VALUES (1, '3-5', '2024-12-05 20:53:19', '2024-12-05 20:53:19'),
       (2, '6-8', '2024-12-05 20:53:19', '2024-12-05 20:53:19'),
       (3, '9-10', '2024-12-05 20:53:19', '2024-12-05 20:53:19');

INSERT INTO `authors` (`id`, `first_name`, `last_name`, `description`, `author_photo_url`, `nationality`, `created_at`,
                       `updated_at`)
VALUES (1, 'Laura', 'Martins', 'Writes adventure stories for kids.', 'https://example.com/authors/laura.jpg',
        'Brazilian', '2024-12-05 20:55:22', '2024-12-05 20:55:22'),
       (2, 'Miguel', 'Santos', 'Known for educational books for children.', 'https://example.com/authors/miguel.jpg',
        'Portuguese', '2024-12-05 20:55:22', '2024-12-05 20:55:22'),
       (3, 'Ana', 'Lima', 'Illustrator and author of fantasy books.', 'https://example.com/authors/ana.jpg', 'Spanish',
        '2024-12-05 20:55:22', '2024-12-05 20:55:22');


INSERT INTO `books` (`id`, `title`, `description`, `cover_url`, `read_time`, `age_group_id`, `is_active`,
                     `access_level`, `created_at`, `updated_at`, `featured_at`)
VALUES (1, 'The Magic Forest', 'A story about magical animals in a forest.', 'images/book1.png', 15, 1, 1, 2,
        '2024-12-05 20:57:35', '2024-12-05 20:57:35', '2024-12-05 11:37:21'),
       (2, 'Adventures of Space Kids', 'A journey of kids exploring the universe.', 'images/book2.png', 20, 2, 1, 2,
        '2024-12-05 20:57:35', '2024-12-05 20:57:35', NULL),
       (3, 'Dinosaurs World', 'A book on dinosaurs for curious kids.', 'images/book1.png', 25, 3, 1, 3,
        '2024-12-05 20:57:35', '2024-12-05 20:57:35', NULL),
       (4, 'Book Title 1', 'Description for book 1', 'images/book1.png', 120, 1, 1, 1, '2024-10-01 00:00:00',
        '2024-12-06 17:11:29', NULL),
       (5, 'Book Title 2', 'Description for book 2', 'images/book2.png', 150, 2, 1, 2, '2024-10-05 00:00:00',
        '2024-12-06 17:11:29', NULL),
       (6, 'Book Title 3', 'Description for book 3', 'images/book1.png', 90, 3, 1, 3, '2024-10-10 00:00:00',
        '2024-12-06 17:11:29', NULL),
       (7, 'Book Title 4', 'Description for book 4', 'images/book2.png', 200, 1, 1, 1, '2024-10-15 00:00:00',
        '2024-12-06 17:11:29', NULL),
       (8, 'Book Title 5', 'Description for book 5', 'images/book1.png', 180, 2, 1, 2, '2024-10-20 00:00:00',
        '2024-12-06 17:11:29', NULL),
       (9, 'Book Title 6', 'Description for book 6', 'images/book2.png', 110, 3, 1, 3, '2024-10-25 00:00:00',
        '2024-12-06 17:11:29', NULL),
       (10, 'Book Title 7', 'Description for book 7', 'images/book1.png', 130, 1, 1, 1, '2024-10-30 00:00:00',
        '2024-12-06 17:11:29', NULL),
       (11, 'Book Title 8', 'Description for book 8', 'images/book2.png', 140, 2, 1, 2, '2024-11-01 00:00:00',
        '2024-12-06 17:11:29', NULL),
       (12, 'Book Title 9', 'Description for book 9', 'images/book1.png', 160, 3, 1, 3, '2024-11-05 00:00:00',
        '2024-12-06 17:11:29', NULL),
       (13, 'Book Title 10', 'Description for book 10', 'images/book2.png', 170, 1, 1, 1, '2024-11-10 00:00:00',
        '2024-12-06 17:11:29', NULL),
       (14, 'Book Title 11', 'Description for book 11', 'images/book1.png', 190, 2, 1, 2, '2024-11-15 00:00:00',
        '2024-12-06 17:11:29', NULL),
       (15, 'Book Title 12', 'Description for book 12', 'images/book2.png', 210, 3, 1, 3, '2024-11-20 00:00:00',
        '2024-12-06 17:11:29', NULL),
       (16, 'Book Title 13', 'Description for book 13', 'images/book1.png', 220, 1, 1, 1, '2024-11-25 00:00:00',
        '2024-12-06 17:11:29', NULL),
       (17, 'Book Title 14', 'Description for book 14', 'images/book2.png', 230, 2, 1, 2, '2024-11-30 00:00:00',
        '2024-12-06 17:11:29', NULL),
       (18, 'Book Title 15', 'Description for book 15', 'images/book1.png', 240, 3, 1, 3, '2024-12-01 00:00:00',
        '2024-12-06 17:11:29', NULL),
       (19, 'Book Title 16', 'Description for book 16', 'images/book2.png', 250, 1, 1, 1, '2024-12-05 00:00:00',
        '2024-12-06 17:11:29', NULL),
       (20, 'Book Title 17', 'Description for book 17', 'images/book1.png', 260, 2, 1, 2, '2024-12-10 00:00:00',
        '2024-12-06 17:11:29', NULL),
       (21, 'Book Title 18', 'Description for book 18', 'images/book2.png', 270, 3, 1, 3, '2024-12-15 00:00:00',
        '2024-12-06 17:11:29', NULL),
       (22, 'Book Title 19', 'Description for book 19', 'images/book1.png', 280, 1, 1, 1, '2024-12-20 00:00:00',
        '2024-12-06 17:11:29', NULL),
       (23, 'Book Title 20', 'Description for book 20', 'images/book2.png', 290, 2, 1, 2, '2024-12-25 00:00:00',
        '2024-12-06 17:11:29', NULL),
       (24, 'Book Title 21', 'Description for book 21', 'images/book1.png', 300, 3, 1, 3, '2024-10-02 00:00:00',
        '2024-12-06 17:11:29', NULL),
       (25, 'Book Title 22', 'Description for book 22', 'images/book2.png', 310, 1, 1, 1, '2024-10-06 00:00:00',
        '2024-12-06 17:11:29', NULL),
       (26, 'Book Title 23', 'Description for book 23', 'images/book1.png', 320, 2, 1, 2, '2024-10-11 00:00:00',
        '2024-12-06 17:11:29', NULL),
       (27, 'Book Title 24', 'Description for book 24', 'images/book2.png', 330, 3, 1, 3, '2024-10-16 00:00:00',
        '2024-12-06 17:11:29', NULL),
       (28, 'Book Title 25', 'Description for book 25', 'images/book1.png', 340, 1, 1, 1, '2024-10-21 00:00:00',
        '2024-12-06 17:11:29', NULL),
       (29, 'Book Title 26', 'Description for book 26', 'images/book2.png', 350, 2, 1, 2, '2024-10-26 00:00:00',
        '2024-12-06 17:11:29', NULL),
       (30, 'Book Title 27', 'Description for book 27', 'images/book1.png', 360, 3, 1, 3, '2024-10-31 00:00:00',
        '2024-12-06 17:11:29', NULL),
       (31, 'Book Title 28', 'Description for book 28', 'images/book2.png', 370, 1, 1, 1, '2024-11-02 00:00:00',
        '2024-12-06 17:11:29', NULL),
       (32, 'Book Title 29', 'Description for book 29', 'images/book1.png', 380, 2, 1, 2, '2024-11-06 00:00:00',
        '2024-12-06 17:11:29', NULL),
       (33, 'Book Title 30', 'Description for book 30', 'images/book2.png', 390, 3, 1, 3, '2024-11-11 00:00:00',
        '2024-12-06 17:11:29', NULL),
       (34, 'Book Title 31', 'Description for book 31', 'images/book1.png', 400, 1, 1, 1, '2024-11-16 00:00:00',
        '2024-12-06 17:11:29', NULL),
       (35, 'Book Title 32', 'Description for book 32', 'images/book2.png', 410, 2, 1, 2, '2024-11-21 00:00:00',
        '2024-12-06 17:11:29', NULL),
       (36, 'Book Title 33', 'Description for book 33', 'images/book1.png', 420, 3, 1, 3, '2024-11-26 00:00:00',
        '2024-12-06 17:11:29', NULL),
       (37, 'Book Title 34', 'Description for book 34', 'images/book2.png', 430, 1, 1, 1, '2024-12-02 00:00:00',
        '2024-12-06 17:11:29', NULL),
       (38, 'Book Title 35', 'Description for book 35', 'images/book1.png', 440, 2, 1, 2, '2024-12-06 00:00:00',
        '2024-12-06 17:11:29', NULL),
       (39, 'Book Title 36', 'Description for book 36', 'images/book2.png', 450, 3, 1, 3, '2024-12-11 00:00:00',
        '2024-12-06 17:11:29', NULL),
       (40, 'Book Title 37', 'Description for book 37', 'images/book1.png', 460, 1, 1, 1, '2024-12-16 00:00:00',
        '2024-12-06 17:11:29', NULL),
       (41, 'Book Title 38', 'Description for book 38', 'images/book2.png', 470, 2, 1, 2, '2024-12-21 00:00:00',
        '2024-12-06 17:11:29', NULL),
       (42, 'Book Title 39', 'Description for book 39', 'images/book1.png', 480, 3, 1, 3, '2024-12-26 00:00:00',
        '2024-12-06 17:11:29', NULL),
       (43, 'Book Title 40', 'Description for book 40', 'images/book2.png', 490, 1, 1, 1, '2024-10-03 00:00:00',
        '2024-12-06 17:11:29', NULL),
       (44, 'Book Title 41', 'Description for book 41', 'images/book1.png', 500, 2, 1, 2, '2024-10-07 00:00:00',
        '2024-12-06 17:11:29', NULL),
       (45, 'Book Title 42', 'Description for book 42', 'images/book2.png', 510, 3, 1, 3, '2024-10-12 00:00:00',
        '2024-12-06 17:11:29', NULL),
       (46, 'Book Title 43', 'Description for book 43', 'images/book1.png', 520, 1, 1, 1, '2024-10-17 00:00:00',
        '2024-12-06 17:11:29', NULL),
       (47, 'Book Title 44', 'Description for book 44', 'images/book2.png', 530, 2, 1, 2, '2024-10-22 00:00:00',
        '2024-12-06 17:11:29', NULL),
       (48, 'Book Title 45', 'Description for book 45', 'images/book1.png', 540, 3, 1, 3, '2024-10-27 00:00:00',
        '2024-12-06 17:11:29', NULL),
       (49, 'Book Title 46', 'Description for book 46', 'images/book2.png', 550, 1, 1, 1, '2024-11-03 00:00:00',
        '2024-12-06 17:11:29', NULL),
       (50, 'Book Title 47', 'Description for book 47', 'images/book1.png', 560, 2, 1, 2, '2024-11-07 00:00:00',
        '2024-12-06 17:11:29', NULL),
       (51, 'Book Title 48', 'Description for book 48', 'images/book2.png', 570, 3, 1, 3, '2024-11-12 00:00:00',
        '2024-12-06 17:11:29', NULL),
       (52, 'Book Title 49', 'Description for book 49', 'images/book1.png', 580, 1, 1, 1, '2024-11-17 00:00:00',
        '2024-12-06 17:11:29', NULL),
       (53, 'Book Title 50', 'Description for book 50', 'images/book2.png', 590, 2, 1, 2, '2024-11-22 00:00:00',
        '2024-12-06 17:11:29', NULL);

INSERT INTO `author_book` (`id`, `author_id`, `book_id`, `created_at`, `updated_at`)
VALUES (1, 1, 1, NULL, NULL),
       (2, 2, 2, NULL, NULL),
       (3, 3, 3, NULL, NULL);
